,word1,word2,prediction
0,abandon,consigning,-0.6737346053123474
1,abandon,left,-0.954462680965662
2,abandon,soldier,-0.9438040666282177
3,about,wandering,-0.8877996578812599
4,abstract,moon,-0.8425115644931793
5,abstract,rally,-1.0970130637288094
6,abundance,wealth,-0.5528567135334015
7,abuse,access,-0.7676845043897629
8,accepted,accepted,-0.0
9,accepted,acknowledged,-0.5097543001174927
10,access,approach,-0.9146389663219452
11,access,gateway,-0.8363420516252518
12,accommodation,arrangement,-0.7047443687915802
13,accommodation,settlement,-0.8608861118555069
14,accompany,walking,-1.1598043590784073
15,accomplishment,pass,-0.9439448975026608
16,account,invoice,-0.9082467257976532
17,account,statement,-0.7261981666088104
18,acoustic,remedy,-1.0523879490792751
19,acre,earthquake,-0.9333688095211983
20,acrylic,cloth,-0.48117882013320923
21,act,counter,-0.9110667258501053
22,act,played,-0.8352038860321045
23,action,adjustment,-0.8918659836053848
24,activity,music,-0.890930213034153
25,add,increased,-0.781747117638588
26,add,string,-1.035385511815548
27,adult,type,-0.6762204766273499
28,advance,advance,-0.0
29,advance,recovery,-0.7271846830844879
30,advance,string,-0.7962870746850967
31,adventure,rail,-0.873339906334877
32,adventure,sixteen,-1.0589800998568535
33,advice,retail,-0.9450077190995216
34,advocate,booster,-0.9695651363581419
35,age,childhood,-0.5499492883682251
36,aged,develop,-0.9412752836942673
37,aged,worn,-0.7474207878112793
38,agency,office,-0.41005414724349976
39,agent,motor,-0.9454668834805489
40,agent,nature,-0.9044874906539917
41,aim,purpose,-0.35619378089904785
42,air,carnival,-0.6840505301952362
43,air,cold,-0.5911443829536438
44,air,plasma,-0.8207129538059235
45,aircraft,asphalt,-1.0239138081669807
46,aircraft,balloon,-0.6924223601818085
47,aircraft,guy,-0.9614322036504745
48,aircraft,yacht,-0.7967347353696823
49,airplane,plane,-0.18652629852294922
50,alarm,horn,-0.7729027718305588
51,alarm,press,-0.8814552947878838
52,albert,einstein,-0.25551891326904297
53,alley,punk,-0.7649537473917007
54,alloy,metal,-0.5582670271396637
55,american,lobster,-0.843467578291893
56,anatomy,palm,-0.9376220554113388
57,ancient,city,-0.6626102030277252
58,ancient,pod,-0.8663434982299805
59,animal,hand,-0.893344983458519
60,animal,pet,-0.3098369836807251
61,animal,wild,-0.4711061716079712
62,anniversary,birthday,-0.2566071152687073
63,answer,counter,-0.8234438002109528
64,answer,plea,-0.756112813949585
65,answering,react,-1.0081574125215411
66,anxiety,worry,-0.4702742099761963
67,apartment,bathroom,-0.385995090007782
68,apartment,beach,-0.6682819128036499
69,apartment,staircase,-0.6365697979927063
70,apartment,valley,-0.7664393782615662
71,apple,bank,-0.7250630557537079
72,apple,blossom,-0.6006554663181305
73,apple,cute,-0.9498934410512447
74,apple,dessert,-0.5923333168029785
75,apple,fruit,-0.5639916062355042
76,application,use,-0.7325767576694489
77,approach,avenue,-0.8336820006370544
78,approach,trench,-0.9551891535520554
79,approval,encouragement,-0.7933773696422577
80,arab,coffee,-0.8880438432097435
81,arch,curve,-0.7337249219417572
82,arch,shoulder,-0.7422592043876648
83,architecture,engineering,-0.37184756994247437
84,architecture,urban,-0.5771600306034088
85,architecture,yellow,-1.0382423214614391
86,area,patio,-0.7783780694007874
87,arm,arrow,-0.6906238496303558
88,arm,caterpillar,-0.9351238757371902
89,army,battleship,-0.8809308633208275
90,aroma,fragrance,-0.36628180742263794
91,arrange,string,-0.8427595049142838
92,arrangement,flower,-0.6589466631412506
93,arrow,boxer,-0.969292800873518
94,art,beer,-0.8772635459899902
95,art,drive,-0.9434439316391945
96,art,gem,-0.7231085896492004
97,art,painting,-0.25875598192214966
98,art,work,-0.5718289315700531
99,assessments,charge,-0.8853837177157402
100,assets,credit,-0.5468936562538147
101,assistant,secretary,-0.3366255760192871
102,association,realtor,-0.7280730605125427
103,assumption,conclusion,-0.7662114948034286
104,asylum,dollar,-0.927284337580204
105,asylum,gem,-0.9767730347812176
106,athlete,participant,-0.5603066682815552
107,athletics,broadcasting,-0.907403364777565
108,attitude,respect,-0.49678826332092285
109,attitude,study,-0.8161064386367798
110,attorney,lawyer,-0.12628507614135742
111,attraction,pressure,-1.0796601846814156
112,attraction,quality,-0.8446689546108246
113,attribute,condition,-0.7794464826583862
114,automobile,racing,-0.5020788013935089
115,autumn,sunshine,-0.3803839087486267
116,baby,treat,-0.7276452779769897
117,back,out,-0.1571977138519287
118,backward,educated,-1.137967273592949
119,bacon,cooking,-0.6619234681129456
120,bacon,dessert,-0.8498419970273972
121,bacon,eat,-0.6929971575737
122,bacon,potato,-0.4356693625450134
123,bag,cop,-0.984203839674592
124,bag,wire,-0.7328586876392365
125,bait,pump,-0.8502195626497269
126,bakery,cake,-0.7480210959911346
127,bakery,work,-0.9085058346390724
128,bakery,zebra,-1.007294190581888
129,balance,gauge,-0.6643749475479126
130,ball,curl,-0.646287590265274
131,ball,egg,-0.9408101998269558
132,ball,situation,-0.9435480944812298
133,ball,sphere,-1.0011540787527338
134,band,ear,-0.7048312425613403
135,band,guitar,-0.3678744435310364
136,band,musician,-0.3832169771194458
137,band,punk,-0.28034865856170654
138,bar,boat,-0.7563982009887695
139,bar,cocktail,-0.6192334592342377
140,bar,pub,-0.45944279432296753
141,base,club,-0.6971108317375183
142,baseball,cheetah,-0.8180316388607025
143,baseball,rainbow,-0.84105584025383
144,baseball,season,-0.4073135256767273
145,basket,moss,-0.7638081312179565
146,bat,bat,-0.0
147,bat,boy,-0.710425615310669
148,bat,fruit,-0.8214437663555145
149,bat,march,-0.9019642695784569
150,bat,turn,-0.7415001094341278
151,bath,floor,-0.5918779969215393
152,bath,patio,-0.43480002880096436
153,bathroom,bedroom,-0.20896059274673462
154,bathroom,room,-0.2669870853424072
155,bathroom,sitting,-0.5985128283500671
156,bathroom,staircase,-0.5457417368888855
157,battle,fight,-0.29524654150009155
158,battle,war,-0.3209065794944763
159,bay,curve,-0.9858286483213305
160,bead,chess,-0.8319743722677231
161,bead,redhead,-0.7425780594348907
162,beard,blonde,-0.6394318640232086
163,beard,flamingo,-0.9784276112914085
164,beard,sport,-0.8668191134929657
165,beat,meter,-0.7044546902179718
166,bed,bedroom,-0.36702460050582886
167,bed,ceiling,-0.6964358985424042
168,bed,layer,-0.7725754827260971
169,bed,plant,-0.8483466356992722
170,bed,relax,-0.7618039101362228
171,bedroom,canyon,-0.7800019383430481
172,bedroom,cottage,-0.5661513805389404
173,bedroom,door,-0.3185538649559021
174,bedroom,floor,-0.3835242986679077
175,bedroom,pool,-0.6119384765625
176,bedroom,sleep,-0.5948164165019989
177,bedroom,stair,-0.9004157707095146
178,beef,cooking,-0.5954492688179016
179,beef,deer,-0.6859172880649567
180,beet,rank,-0.9112512022256851
181,belief,magic,-0.8349609971046448
182,belief,purpose,-0.35806959867477417
183,believe,levy,-0.8068475276231766
184,belly,dark,-0.7933000475168228
185,benefit,interest,-0.4789000153541565
186,benefited,help,-0.9198737516999245
187,bent,double,-0.9629653245210648
188,bent,inclination,-0.8711423426866531
189,berlin,germany,-0.3934980034828186
190,berry,flying,-1.186004176735878
191,berry,sweet,-0.660939633846283
192,bible,misty,-0.9112929254770279
193,bicycle,green,-0.9626175425946712
194,bikini,ivy,-0.8301355093717575
195,billboard,structure,-1.0494575053453445
196,bin,box,-0.8275871425867081
197,bin,cup,-1.0459209084510803
198,bird,cock,-0.7821193337440491
199,bird,goose,-0.5991052985191345
200,bird,shade,-1.0227366220206022
201,birthday,happy,-0.6248069703578949
202,bishop,priest,-0.2801637649536133
203,bishop,seizure,-0.8089329302310944
204,bishop,wine,-0.9139683395624161
205,bit,tool,-0.8797942847013474
206,bitter,bitter,-0.0
207,black,bright,-0.4629061222076416
208,black,brown,-0.4722593426704407
209,black,colour,-0.7921928614377975
210,black,grey,-0.6775017380714417
211,black,market,-0.9100972339510918
212,black,paint,-0.5747494697570801
213,black,purple,-0.3901393413543701
214,black,seat,-0.8407348692417145
215,black,skirt,-0.5872856676578522
216,black,stripe,-0.6064887940883636
217,black,white,-0.19256800413131714
218,blanket,covering,-0.5302625596523285
219,blast,smashing,-0.6343154907226562
220,bleach,white,-0.9942541099153459
221,blessing,deal,-0.7606856822967529
222,blessing,patronage,-0.7433691322803497
223,blonde,dark,-0.6067195236682892
224,blonde,girl,-0.3946279287338257
225,blonde,hair,-0.4590240716934204
226,blonde,redhead,-0.5564198195934296
227,blonde,wig,-0.5304312407970428
228,bloom,foliage,-0.430009663105011
229,bloom,friend,-0.960167970508337
230,bloom,glittering,-0.8276760429143906
231,bloom,plant,-0.7548505365848541
232,blossom,fruit,-0.5726772546768188
233,blossom,purple,-0.6038245260715485
234,blow,contact,-1.2053126692771912
235,blue,color,-0.5753865838050842
236,blue,grey,-0.6556351184844971
237,blue,shade,-0.5361380279064178
238,blue,yellow,-0.23341989517211914
239,blues,rhythm,-0.3673664331436157
240,blur,eye,-0.8085852414369583
241,blur,metro,-0.9082354679703712
242,board,commission,-0.26575589179992676
243,board,recommendation,-0.4053812623023987
244,boast,complain,-0.651086837053299
245,boast,explain,-0.6839784681797028
246,boat,ferry,-0.24047118425369263
247,boat,negro,-1.0981402844190598
248,boat,vessel,-0.22223687171936035
249,body,registration,-0.9204619601368904
250,bone,skull,-0.2509230971336365
251,book,copper,-0.9543353505432606
252,book,fair,-0.7357926666736603
253,book,fine,-0.642389327287674
254,book,open,-0.8956116735935211
255,book,smoking,-0.9604027979075909
256,boot,punch,-0.8598674237728119
257,born,live,-0.520286351442337
258,born,play,-0.7519207149744034
259,born,son,-0.38057225942611694
260,born,subway,-1.0088042439892888
261,bottle,glass,-0.5035728812217712
262,bottle,wine,-0.47901850938796997
263,bounce,bounced,-0.38644784688949585
264,bounce,swing,-0.397632896900177
265,box,return,-0.9093171283602715
266,boxer,lighthouse,-1.078714370727539
267,boy,hand,-0.6436568796634674
268,boy,live,-0.6399664282798767
269,boy,male,-0.6416501998901367
270,brace,stand,-0.7561544924974442
271,branch,lego,-1.0299250856041908
272,branch,limb,-0.8550029993057251
273,branch,president,-0.6852218508720398
274,brandy,difficulty,-1.053331933915615
275,brass,executive,-0.8382803946733475
276,bread,cover,-0.8590200692415237
277,bread,dessert,-0.4431651830673218
278,bread,ocean,-1.0666729807853699
279,bread,salad,-0.2581647038459778
280,bread,sandwich,-0.3012239336967468
281,break,scattered,-1.0800164341926575
282,breakfast,restaurant,-0.48988085985183716
283,brick,cell,-0.8744552880525589
284,brick,concrete,-0.35116034746170044
285,brick,construction,-0.4878172278404236
286,brick,house,-0.6355132460594177
287,brick,porch,-0.5824202299118042
288,brick,rabbit,-0.7307609915733337
289,brick,skyscraper,-0.47307461500167847
290,brick,staircase,-0.5627245903015137
291,brick,wall,-0.4379526376724243
292,bride,dress,-0.5747986733913422
293,bright,dark,-0.3648010492324829
294,bright,glittering,-0.5314481556415558
295,bright,grey,-0.7069427073001862
296,bright,red,-0.45642006397247314
297,bright,sky,-0.4927517771720886
298,bright,sun,-0.4836769700050354
299,broadcast,packet,-0.8012561649084091
300,brochure,reference,-0.7680282592773438
301,brokerage,politics,-1.1195938289165497
302,bronze,sculpture,-0.4900311827659607
303,brother,member,-0.6463370025157928
304,brown,feather,-0.7541898638010025
305,brown,grey,-0.5601720809936523
306,brown,insect,-1.079826757311821
307,brown,purple,-0.5897141098976135
308,brown,violet,-0.6778430342674255
309,brush,implement,-0.9547849074006081
310,bubble,surface,-0.7459456920623779
311,buck,horse,-0.7230444848537445
312,bucket,duck,-0.7820675522089005
313,bucket,girl,-0.8859962001442909
314,bud,foliage,-0.7133029401302338
315,bud,shade,-0.8100841343402863
316,budget,scale,-0.668758362531662
317,build,flesh,-0.9403108544647694
318,building,cafe,-0.6143374443054199
319,building,construction,-0.2868536710739136
320,building,floor,-0.4463939070701599
321,building,interior,-0.6152065396308899
322,building,sandwich,-0.952116820961237
323,building,sidewalk,-0.5485616028308868
324,building,zombie,-1.0888273417949677
325,bulgarian,nurse,-0.6517714858055115
326,bulletin,news,-0.5906909704208374
327,bundle,deceive,-0.7984083741903305
328,burger,eat,-0.6390980184078217
329,burger,frozen,-0.7649178802967072
330,burger,mac,-0.5836074352264404
331,burger,sandwich,-0.38624268770217896
332,burn,reading,-1.0353775694966316
333,burnt,treated,-0.7819232195615768
334,bury,hide,-0.5291750729084015
335,bus,subway,-0.24307656288146973
336,butterfly,insect,-0.48198533058166504
337,butterfly,stadium,-0.884984664618969
338,button,police,-1.0391092486679554
339,cafe,dinner,-0.5891610682010651
340,cafe,frog,-0.947571724653244
341,cafe,lunch,-0.6065094172954559
342,cafe,relax,-0.8536488860845566
343,cake,library,-0.9342731162905693
344,calendar,system,-0.8794336244463921
345,call,meeting,-0.6282715201377869
346,call,statement,-0.5228013694286346
347,cambridge,harvard,-0.39647746086120605
348,camel,highway,-0.7877115309238434
349,camel,outdoor,-0.8846843987703323
350,camera,painting,-0.7272626757621765
351,camera,photography,-0.5568042099475861
352,camp,camp,-0.0
353,camping,pitch,-0.9917550459504128
354,can,mill,-1.0125022483989596
355,canal,coffee,-1.019826389849186
356,canal,number,-1.0619596652686596
357,candy,sweet,-0.6198262870311737
358,canine,dog,-0.4561689496040344
359,canyon,pizza,-1.0572235397994518
360,canyon,river,-0.23390698432922363
361,capital,seed,-0.9412258081138134
362,captain,officer,-0.501141220331192
363,car,hawk,-0.8187505453824997
364,car,limousine,-0.559158593416214
365,car,tongue,-1.126611351966858
366,card,party,-0.8046676516532898
367,card,plastic,-0.7602158188819885
368,cardinal,village,-1.064834214746952
369,carnivore,predator,-0.7565335482358932
370,carriage,coach,-1.206111192703247
371,carrot,city,-1.2072906345129013
372,carrot,design,-0.9685656167566776
373,carrot,fruit,-0.5276530981063843
374,carrot,memorial,-1.0445528961718082
375,cartoon,wit,-0.8152057379484177
376,case,luggage,-0.9539623111486435
377,cash,credit,-0.2462887167930603
378,cast,gathering,-0.932946689426899
379,cat,garden,-0.8933402225375175
380,cat,jaguar,-0.7962876111268997
381,cat,licking,-0.8529002666473389
382,catering,loan,-0.8955250158905983
383,cd,stock,-0.7456987202167511
384,ceiling,door,-0.5820144414901733
385,ceiling,floor,-0.3908507227897644
386,ceiling,mug,-0.7286669313907623
387,ceiling,porch,-0.6663050055503845
388,cell,membrane,-0.5244888663291931
389,cemetery,cone,-1.2261683493852615
390,cemetery,graveyard,-0.5266137719154358
391,ceramic,live,-1.0608985982835293
392,ceramic,ocean,-0.9556322880089283
393,chair,rocker,-0.8995448723435402
394,chance,fortune,-0.7749356478452682
395,change,change,-0.0
396,change,energized,-0.9612642601132393
397,change,move,-0.4266790747642517
398,change,yielding,-1.0622832998633385
399,channel,sound,-0.8719217777252197
400,chapel,church,-0.41102737188339233
401,characteristic,nature,-0.6193653643131256
402,charge,sentence,-0.5643198490142822
403,check,draft,-0.8963626250624657
404,cheer,musician,-0.9964847506489605
405,chef,paris,-0.86794114112854
406,chemical,salt,-0.8743070960044861
407,chemistry,claim,-1.1237956285476685
408,cherry,dessert,-0.6752744019031525
409,cherry,fruit,-0.4520952105522156
410,cherry,peel,-0.5697274208068848
411,cherry,vine,-0.41234922409057617
412,chess,family,-1.0174664668738842
413,chicken,lamb,-0.2370131015777588
414,chicken,pepper,-0.4787653684616089
415,chicken,rice,-0.4903130531311035
416,chicken,rooster,-0.7914520651102066
417,chicken,star,-0.9888883987441659
418,child,fun,-0.879608690738678
419,chocolate,dessert,-0.3393888473510742
420,chooses,compare,-0.78413325548172
421,chopper,window,-0.8626041859388351
422,christmas,valentine,-0.7448978424072266
423,chuck,jaw,-1.0145036978647113
424,church,graveyard,-0.6876329779624939
425,church,porch,-0.7752763777971268
426,church,soldier,-0.8322747051715851
427,cigarette,skating,-0.8753068596124649
428,circle,oval,-0.8635682910680771
429,circle,wig,-0.9946259278804064
430,circulation,circulation,-0.0
431,citation,citation,-0.0
432,city,downtown,-0.2432396411895752
433,city,kansas,-0.39004218578338623
434,city,live,-0.634890079498291
435,city,ruin,-0.9030473902821541
436,city,skyline,-0.5618503093719482
437,city,small,-0.512753963470459
438,city,town,-0.23102998733520508
439,clean,remove,-0.6688225269317627
440,clear,clear,-0.0
441,clients,guest,-0.8281295448541641
442,cliff,sand,-0.4535366892814636
443,clock,stripe,-0.7285750210285187
444,closed,up,-0.6354112327098846
445,closing,closing,-0.0
446,closing,finale,-0.7230847179889679
447,cloud,energy,-0.8675317913293839
448,cloud,mist,-0.4801822900772095
449,cloud,misty,-0.6185265183448792
450,cloud,sunny,-0.801389142870903
451,clown,flood,-1.1997746676206589
452,club,cone,-0.8957104086875916
453,club,match,-0.5997717082500458
454,club,play,-0.5107950866222382
455,club,sign,-0.7156106531620026
456,coast,downtown,-0.7888345867395401
457,coast,glide,-0.9665481708943844
458,coast,lay,-1.1036028042435646
459,coast,slope,-0.7074155211448669
460,cock,penis,-0.509757936000824
461,cocktail,garage,-1.1286581754684448
462,cocktail,restaurant,-0.7023285925388336
463,code,software,-0.5777761340141296
464,coffee,meeting,-0.7884393930435181
465,coffee,sun,-0.6493923962116241
466,coin,silver,-0.5128041803836823
467,coin,ticket,-0.7142095565795898
468,cold,dripping,-0.6816779971122742
469,cold,ear,-0.9340005815029144
470,cold,hot,-0.41363459825515747
471,cold,puddle,-0.7969929873943329
472,cold,washing,-0.6256516575813293
473,cold,weather,-0.5247424840927124
474,collect,collect,-0.0
475,collection,data,-0.7252691686153412
476,collection,packet,-0.9079185649752617
477,collection,work,-0.6151487827301025
478,collision,smash,-0.8949848860502243
479,colony,depression,-0.86806720495224
480,color,quality,-0.5764411091804504
481,color,wine,-0.6801425516605377
482,color,yellow,-0.5246361196041107
483,colorful,frame,-0.8042827397584915
484,colour,grey,-0.7344383895397186
485,colour,red,-0.752906545996666
486,colour,wild,-1.029222533106804
487,combination,education,-0.7899987250566483
488,comfort,relief,-0.6393929421901703
489,commenting,note,-0.7441209852695465
490,commercial,manufacture,-0.7295536994934082
491,commissions,order,-0.9028636515140533
492,communication,tune,-1.0620229616761208
493,communications,tableware,-0.9183789044618607
494,communications,transmission,-0.6048237085342407
495,community,territory,-0.8182572722434998
496,commuter,scottish,-1.0078899022191763
497,comparison,scrutiny,-0.9797420762479305
498,compensation,offset,-0.7165831625461578
499,computer,lab,-0.6059708595275879
500,concert,sing,-0.5001305937767029
501,concerts,settle,-1.1227760165929794
502,conclusion,conclusion,-0.0
503,concrete,construction,-0.47911638021469116
504,concrete,school,-1.0058681103400886
505,condition,health,-0.5648558437824249
506,cone,windmill,-1.0110362572595477
507,conference,lawyer,-0.8627315163612366
508,conservation,traveling,-0.946571122854948
509,construction,violet,-1.1987932920455933
510,construction,window,-0.8053760230541229
511,consume,supply,-0.816777691245079
512,consumer,energy,-0.4904606342315674
513,continent,ground,-0.8440226465463638
514,continue,keep,-0.37933748960494995
515,convertible,pipe,-1.0073325331322849
516,cook,printer,-0.9417017064988613
517,cooking,salad,-0.5155705809593201
518,cooking,soup,-0.43242281675338745
519,cool,cool,-0.0
520,cool,jazz,-0.9223123788833618
521,copy,image,-0.7077644169330597
522,copy,work,-0.7808933407068253
523,corridor,hall,-1.0427403636276722
524,cost,postage,-0.6394963562488556
525,costume,ocean,-1.2446472495794296
526,costume,radiation,-1.2055312246084213
527,costume,shirt,-0.5793544948101044
528,cottage,sleep,-0.9008823409676552
529,couch,lounge,-0.6839180588722229
530,couple,live,-0.64181187748909
531,couple,makeup,-0.8829064965248108
532,couple,square,-0.8379035741090775
533,course,workshop,-0.960197739303112
534,cousin,relation,-0.8340156227350235
535,cover,dot,-0.8202336877584457
536,covering,covering,-0.0
537,crab,manufacturer,-0.9657477177679539
538,cracking,cracking,-0.0
539,craft,soup,-0.9792666491121054
540,craft,trade,-0.7553377449512482
541,craft,van,-0.8686502277851105
542,crane,implement,-1.0138906026259065
543,crane,stair,-0.5886195600032806
544,crane,wild,-1.0685855373740196
545,crash,striking,-0.848002091050148
546,crash,swing,-0.9649238958954811
547,credit,credit,-0.0
548,credit,flap,-1.0106435641646385
549,credit,latin,-0.7920580953359604
550,credit,man,-0.832345724105835
551,credit,money,-0.3467886447906494
552,credit,ovation,-0.9200653731822968
553,credit,sum,-0.5110265910625458
554,crew,unit,-0.7736496329307556
555,criminal,possession,-0.565807044506073
556,crochet,family,-1.1442926526069641
557,crochet,stitch,-0.5948918461799622
558,cross,meet,-0.7115726172924042
559,cross,pub,-0.9938204875215888
560,cross,shopping,-0.9502214901149273
561,cross,tower,-0.78580741584301
562,crystal,silhouette,-0.7845266908407211
563,crystal,spiral,-1.1082467660307884
564,cube,dice,-0.4446790814399719
565,cucumber,potato,-0.37910032272338867
566,cup,handbag,-1.1116369366645813
567,cup,shape,-0.7432835102081299
568,curl,licking,-0.6572938859462738
569,currency,exchange,-0.3738292455673218
570,curve,rainbow,-1.062350306659937
571,customer,mission,-0.9367962926626205
572,cute,fun,-0.5127666592597961
573,cute,guy,-0.5038077235221863
574,cute,lady,-0.6543956398963928
575,cute,music,-0.8907633498311043
576,cutter,knife,-0.5409116744995117
577,cutting,nip,-1.1379650980234146
578,dad,left,-0.7766369879245758
579,daisy,grass,-0.8678846657276154
580,daisy,violet,-0.5139065384864807
581,damned,people,-0.8203681856393814
582,dandelion,seed,-0.7624957710504532
583,dark,flamingo,-1.0042621190659702
584,dark,grey,-0.5533663034439087
585,dark,purple,-0.508103758096695
586,dark,rusty,-0.8922335132956505
587,dark,yellow,-0.5097672939300537
588,dashboard,protection,-1.0956640839576721
589,database,list,-0.7179317772388458
590,dawn,drug,-0.9873384032398462
591,dawn,night,-0.4717574119567871
592,dawn,sun,-0.5486325621604919
593,day,sunny,-0.7327516973018646
594,dead,face,-0.7834383100271225
595,dead,hanging,-0.6744453012943268
596,deaf,people,-0.8148728013038635
597,death,funeral,-0.6570232212543488
598,death,organic,-1.0380373485386372
599,death,texas,-0.7578157484531403
600,declare,promised,-0.589359313249588
601,decoration,interior,-0.5254683494567871
602,decoration,set,-0.8971922919154167
603,decrease,increase,-0.16258496046066284
604,defeat,disappointment,-0.501408040523529
605,defeated,people,-0.9711437523365021
606,defeated,upset,-0.44898736476898193
607,defense,protection,-0.6089610457420349
608,defensive,nazi,-0.9555407166481018
609,degree,quantity,-0.6905065178871155
610,degree,style,-0.8388719856739044
611,delaware,wine,-0.9945726818405092
612,demand,demand,-0.0
613,demand,request,-0.7468316853046417
614,demand,supply,-0.41411280632019043
615,demolition,skyline,-0.9046414867043495
616,demolition,skyscraper,-0.598443865776062
617,department,division,-0.6439626216888428
618,depression,depression,-0.0
619,descent,fall,-0.9107028096914291
620,desert,mountain,-0.25279414653778076
621,desert,scenery,-0.6283279359340668
622,desert,smoke,-0.7141397595405579
623,deserve,expect,-0.5773101150989532
624,deserve,merit,-0.40080922842025757
625,deserve,want,-0.48173463344573975
626,design,muscle,-0.8776010572910309
627,designation,recognition,-0.7415244281291962
628,desk,suspension,-1.0914988294243813
629,dessert,eye,-1.1448391377925873
630,dessert,fruit,-0.38644737005233765
631,dessert,lunch,-0.5162574946880341
632,dessert,orange,-0.7978145331144333
633,dessert,pepper,-0.7305676639080048
634,destroy,disassembled,-0.6739450693130493
635,develop,foundation,-0.8412340879440308
636,device,drum,-0.9571898803114891
637,devil,satan,-0.5659877955913544
638,dew,misty,-0.5154271125793457
639,dew,rain,-0.8166293799877167
640,die,played,-0.990495846606791
641,dignity,integration,-0.91798435151577
642,diluted,weak,-0.9671316631138325
643,diner,eat,-0.7475318014621735
644,diner,kitchen,-0.6464883685112
645,dinner,eat,-0.48514556884765625
646,dinner,lunch,-0.14929169416427612
647,dinner,night,-0.5297504961490631
648,direction,government,-0.7972420305013657
649,dirt,racing,-0.7456443309783936
650,dirt,road,-0.35942357778549194
651,dirt,sand,-0.255468487739563
652,dirty,feel,-0.8785496950149536
653,dirty,fun,-0.6088137030601501
654,dirty,rusty,-0.8380164206027985
655,discipline,science,-0.8371247351169586
656,discipline,system,-0.7035567462444305
657,disease,plague,-0.44920873641967773
658,distance,distribution,-1.0092785554006696
659,distinguish,promise,-0.9657838195562363
660,distinguish,sex,-0.8188488036394119
661,distribute,research,-0.7899073362350464
662,distributed,spread,-0.6924134194850922
663,divide,split,-0.354531466960907
664,division,lincoln,-0.8910149782896042
665,doctor,liability,-1.0337425917387009
666,document,resolution,-0.39283549785614014
667,dog,fauna,-0.9562239684164524
668,dog,pug,-0.5211329460144043
669,dog,puppy,-0.296226441860199
670,dollar,yen,-0.09736037254333496
671,domain,land,-0.7978521585464478
672,dome,uniform,-1.0176810901612043
673,doodle,scratch,-0.8819990232586861
674,door,interior,-0.8685780912637711
675,door,kitchen,-0.3977373242378235
676,door,porch,-0.5424441397190094
677,door,room,-0.2911023497581482
678,door,wall,-0.6207625567913055
679,door,window,-0.1861640214920044
680,doubt,ego,-0.6601707339286804
681,down,flush,-0.8111236840486526
682,downtown,shopping,-0.44197678565979004
683,downtown,shore,-0.7211342751979828
684,downtown,skyscraper,-0.481195867061615
685,dragon,drop,-1.1684075891971588
686,dragon,metal,-0.910649985074997
687,dragonfly,pond,-0.8830464407801628
688,drain,tap,-0.5691603422164917
689,drawing,music,-0.7627677917480469
690,dress,wear,-0.2028849720954895
691,dressing,sauce,-0.40839797258377075
692,drink,murder,-0.9855345217511058
693,drink,turn,-0.7802964001893997
694,dripping,puddle,-0.35227906703948975
695,drive,impulse,-0.7222608625888824
696,drive,mechanism,-0.9249023124575615
697,drive,operate,-0.699396938085556
698,drop,hanging,-0.8909468799829483
699,drug,operator,-0.8592172563076019
700,drug,reflection,-1.1771528124809265
701,duck,mallard,-0.6095452904701233
702,duck,outfit,-0.8210894614458084
703,dude,feel,-0.7217336595058441
704,dude,friend,-0.7135718464851379
705,dude,sexy,-0.6861018538475037
706,dude,stop,-0.9374468922615051
707,dusk,misty,-0.5418067276477814
708,dusk,skirt,-1.047812718898058
709,earn,make,-0.5972743630409241
710,east,israel,-0.5423300266265869
711,easter,preference,-0.9652616009116173
712,eat,eat,-0.0
713,eat,fruit,-0.5321486294269562
714,eat,rabbit,-0.6961439549922943
715,eat,truck,-0.9919605264440179
716,edit,issue,-1.069514937698841
717,edition,issue,-0.8465191870927811
718,educated,learned,-0.8512611389160156
719,education,education,-0.0
720,egg,family,-0.876856118440628
721,egg,lego,-0.793332502245903
722,eight,movement,-0.9545094631612301
723,electronics,guess,-1.0020236212294549
724,element,mixture,-0.7761669009923935
725,element,nickel,-0.7315539121627808
726,eliminate,eliminate,-0.0
727,emergency,temp,-0.8419276177883148
728,emission,gum,-0.8013465404510498
729,empty,evacuated,-0.7549971044063568
730,end,terminate,-0.7748260498046875
731,energy,force,-0.6591780185699463
732,enforcing,execute,-0.7041807174682617
733,engineering,technology,-0.3864876627922058
734,enhanced,increased,-0.5992943346500397
735,environment,land,-0.8417599499225616
736,equipment,rescue,-0.7608823776245117
737,escalator,railway,-0.6593018770217896
738,establishment,institution,-0.44584572315216064
739,evaluate,terminate,-0.776711493730545
740,evidence,identification,-0.612309604883194
741,evidence,record,-0.778008371591568
742,evolution,publicity,-1.047021646052599
743,examination,study,-0.4443686008453369
744,example,specimen,-0.891191653907299
745,exclude,lack,-0.9702616911381483
746,exhibit,parade,-0.6297723948955536
747,exhibition,museum,-0.340546190738678
748,exhibition,soup,-1.0030496318358928
749,expanse,sheet,-0.8302748054265976
750,expect,think,-0.3951910734176636
751,expectation,possibility,-0.6214127242565155
752,experience,inexperience,-0.7391226291656494
753,explain,swear,-0.7035555839538574
754,explanation,theory,-0.6158169806003571
755,explosion,stencil,-1.1858815550804138
756,express,mail,-0.6066082119941711
757,eye,lip,-0.5827576816082001
758,eye,tear,-0.7030456364154816
759,fabric,photo,-0.9442234560847282
760,fabric,sail,-0.9268040433526039
761,face,glittering,-0.8521936535835266
762,face,tear,-0.821698397397995
763,family,live,-0.5221695601940155
764,family,relay,-1.098158799111843
765,family,square,-0.812943696975708
766,fantasy,fiction,-0.4795456528663635
767,farm,wind,-0.9843728970736265
768,fashion,handwriting,-0.8653710037469864
769,fashion,outfit,-0.6832371354103088
770,fast,fast,-0.0
771,father,pop,-0.7766932249069214
772,fauna,toy,-1.1074265167117119
773,fear,panic,-0.3681970238685608
774,fear,terror,-0.6281629204750061
775,feather,grey,-0.6840189695358276
776,feather,hummingbird,-0.7811436355113983
777,feather,insect,-0.5279408097267151
778,feather,nest,-0.5010051727294922
779,feather,sunflower,-0.6817906200885773
780,feather,truck,-1.018748378381133
781,feather,wild,-0.747897207736969
782,feature,side,-0.939175371080637
783,fee,tuition,-0.4530923366546631
784,feel,idea,-0.4918983578681946
785,feel,kiss,-0.7845101058483124
786,feline,nut,-0.8572595864534378
787,feline,paw,-0.6013809144496918
788,fell,tear,-0.9057399183511734
789,female,live,-0.8384781777858734
790,female,machine,-1.0427230186760426
791,female,makeup,-0.7509710043668747
792,festival,musician,-0.6950041055679321
793,fever,symptom,-0.5708349049091339
794,fiction,romance,-0.4296771287918091
795,field,science,-0.7804927974939346
796,field,squirrel,-0.9096700176596642
797,filled,filled,-0.0
798,film,movie,-0.1014520525932312
799,finger,toe,-0.43479055166244507
800,fingerprint,identification,-0.17462003231048584
801,fire,smoke,-0.44850069284439087
802,fire,water,-0.5679832100868225
803,first,initial,-0.6421430706977844
804,fishing,rainbow,-0.9725249111652374
805,five,month,-0.4519643783569336
806,flag,iris,-0.942001074552536
807,flag,quote,-0.7678666859865189
808,flame,reaction,-0.9460670426487923
809,flame,sidewalk,-0.8930771425366402
810,flamingo,hummingbird,-0.7116773426532745
811,flamingo,office,-0.9593210630118847
812,flat,housing,-0.9423495195806026
813,flight,jaguar,-0.8850657790899277
814,flight,trip,-0.44605743885040283
815,flood,flow,-0.6370647847652435
816,flood,line,-0.9064120203256607
817,flood,water,-0.47237491607666016
818,floor,level,-0.7072684168815613
819,floor,roof,-0.3825203776359558
820,floor,staircase,-0.48251867294311523
821,flower,foliage,-0.5625613629817963
822,flower,fruit,-0.4936017394065857
823,flower,violet,-0.5766434073448181
824,flower,wild,-0.6101671457290649
825,flush,spin,-0.9493053741753101
826,flute,wind,-0.9275033548474312
827,flying,sexy,-0.9926458080299199
828,focus,think,-0.6590429544448853
829,foliage,ivy,-0.8758036717772484
830,foliage,moss,-0.767269566655159
831,foliage,pink,-0.5194445550441742
832,foliage,purple,-0.47853022813796997
833,foliage,violet,-0.6122419536113739
834,follower,satellite,-1.0979025289416313
835,food,frozen,-0.6367323100566864
836,food,noodle,-0.620452880859375
837,food,produce,-0.6848981976509094
838,food,sausage,-0.5878924429416656
839,food,wild,-0.7246689200401306
840,foot,piano,-0.816097304224968
841,foot,tall,-0.6097650825977325
842,foot,train,-0.7654256373643875
843,force,sacrifice,-0.8234669417142868
844,forecast,message,-0.8932053372263908
845,forecast,predict,-0.6449542939662933
846,foreigner,travelers,-0.8387743383646011
847,forest,ground,-0.6536563634872437
848,forest,nature,-0.6974648535251617
849,foul,play,-0.6245520710945129
850,found,found,-0.0
851,foundation,support,-0.6057135164737701
852,friend,guy,-0.4744795560836792
853,friend,happy,-0.6926565170288086
854,friend,smile,-0.7107683718204498
855,frog,poppy,-0.6386722922325134
856,frog,tropical,-0.747268795967102
857,frog,whale,-0.4374050498008728
858,frost,lily,-0.5838430523872375
859,frost,shade,-0.6669059097766876
860,frost,sunshine,-0.5320452749729156
861,frost,weather,-0.6211694478988647
862,frozen,pebble,-0.8435810506343842
863,frozen,raspberry,-0.7680854052305222
864,frozen,salad,-0.6564994752407074
865,fuel,lighter,-0.7986746579408646
866,full,full,-0.0
867,fun,guy,-0.5686206519603729
868,fun,kid,-0.6234645247459412
869,fun,relax,-0.6332128643989563
870,fun,sexy,-0.5818454027175903
871,fungi,leather,-1.0410011261701584
872,fungi,plant,-0.6898248195648193
873,furniture,man,-0.8466573804616928
874,furniture,nature,-0.9023793116211891
875,game,sign,-0.7352547347545624
876,gang,murder,-0.4333740472793579
877,garbage,lunch,-0.8621229529380798
878,garbage,rubbish,-0.3147946000099182
879,garden,house,-0.5433067977428436
880,garden,patio,-0.5455091297626495
881,garden,plantation,-0.6004847884178162
882,garlic,meal,-0.6816198825836182
883,garment,tie,-0.8827043250203133
884,gas,state,-0.7651067525148392
885,gasoline,pepper,-0.8148088902235031
886,gate,hotel,-0.6885862350463867
887,gauge,meter,-0.9297300577163696
888,gear,mechanism,-0.9364248514175415
889,gear,reverse,-0.9248150959610939
890,gender,representation,-0.5713538825511932
891,gender,sex,-0.489707350730896
892,giraffe,harbor,-0.7939561307430267
893,giraffe,lion,-0.6390650868415833
894,giraffe,mist,-0.9308353587985039
895,girl,morning,-0.7796379774808884
896,girl,wind,-1.0503314100205898
897,give,sacrifice,-0.6628146767616272
898,glass,tub,-0.5181424617767334
899,glittering,smile,-0.7681024670600891
900,glittering,sunshine,-0.8262709528207779
901,glove,wear,-0.8186303228139877
902,goal,objective,-0.5647602379322052
903,goat,milk,-0.4560491442680359
904,gold,texture,-0.8967826440930367
905,good,sheet,-0.7871360629796982
906,goose,mallard,-0.5405744910240173
907,gore,pierce,-0.8193445801734924
908,government,immunity,-0.7471210062503815
909,government,transportation,-0.726340115070343
910,gradual,slow,-0.424452006816864
911,grass,ruin,-0.9276221320033073
912,grass,weed,-0.6601001918315887
913,grate,lean,-0.7395883798599243
914,grave,hat,-1.0153437238186598
915,grave,shore,-0.8668147325515747
916,graveyard,porch,-0.9022819697856903
917,graveyard,pug,-0.6758699119091034
918,greater,greater,-0.0
919,green,number,-0.8211138248443604
920,green,phone,-0.7468912303447723
921,green,violet,-0.5875237584114075
922,green,yellow,-0.2329149842262268
923,grey,orange,-0.664055198431015
924,grey,purple,-0.7083826065063477
925,grey,violet,-0.703809529542923
926,grey,white,-0.6432720720767975
927,grip,hold,-0.7101436853408813
928,group,vinyl,-1.0576613061130047
929,growth,stock,-0.6415902078151703
930,guarantee,warranty,-0.6624125838279724
931,guardian,livestock,-0.918875440955162
932,guild,smith,-1.0268530882894993
933,guitar,piano,-0.24463695287704468
934,gun,kennedy,-0.7802170515060425
935,gun,picture,-0.9641546346247196
936,gun,stair,-0.773671954870224
937,guy,happy,-0.6449827253818512
938,guy,idea,-0.6177973747253418
939,guy,people,-0.692389190196991
940,guy,tear,-0.9330644458532333
941,guy,wire,-0.9153135046362877
942,hack,machine,-0.5837626755237579
943,hail,remember,-0.9231657534837723
944,haircut,sexy,-0.579095721244812
945,half-hour,weeknight,-0.47751033306121826
946,hamburger,nutrition,-0.8504302799701691
947,hamster,party,-1.0943476110696793
948,hand,left,-0.4060210585594177
949,hand,stand,-0.6199946403503418
950,handle,lighting,-0.8548577278852463
951,handle,tram,-0.917025201022625
952,handwriting,pig,-0.7818206548690796
953,handwriting,sketch,-0.6437210440635681
954,hanging,probability,-0.9135190322995186
955,hanging,stencil,-0.7709096372127533
956,hanging,stop,-0.834217980504036
957,happy,kid,-0.6441027522087097
958,happy,love,-0.4826825261116028
959,happy,mom,-0.5727590322494507
960,happy,night,-0.6740764379501343
961,happy,rusty,-0.8201933652162552
962,happy,time,-0.5974183082580566
963,harbor,harbour,-0.43597477674484253
964,harbor,port,-0.36802971363067627
965,harbor,sailing,-0.6055743396282196
966,harbor,sea,-0.3550682067871094
967,harbor,sunk,-0.5568034648895264
968,harbour,sea,-0.6337608397006989
969,hard,zoo,-1.1667880415916443
970,hawk,hummingbird,-0.6804933547973633
971,hawk,insect,-0.6691021621227264
972,hawk,mallard,-0.5130060911178589
973,head,question,-0.8405417948961258
974,head,secretary,-0.5125041306018829
975,headlight,light,-0.7717508673667908
976,health,welfare,-0.40322428941726685
977,heart,space,-0.9139183685183525
978,height,infinite,-0.827909305691719
979,helix,spiral,-0.7784924358129501
980,herb,mushroom,-0.7242404520511627
981,heroin,shoot,-0.8666604161262512
982,highway,street,-0.5951992273330688
983,highway,traffic,-0.33393019437789917
984,hike,production,-0.7951521277427673
985,hill,mountain,-0.43591153621673584
986,hill,river,-0.40365368127822876
987,hill,town,-0.5144699811935425
988,hinder,relieve,-0.7174648940563202
989,history,recital,-0.9523089155554771
990,hit,pop,-0.5555257499217987
991,hockey,play,-0.39521872997283936
992,home,return,-0.4449375867843628
993,homer,odyssey,-0.7997891455888748
994,honolulu,vacation,-0.7957336902618408
995,hood,protection,-0.8873374685645103
996,horse,interior,-1.2014968991279602
997,horse,sweet,-0.9200548827648163
998,hostility,war,-0.6210712790489197
999,hot,winter,-0.4845414161682129
1000,hot,zombie,-0.9696916732937098
1001,hotel,house,-0.5806245505809784
1002,house,poster,-0.7256492376327515
1003,house,staircase,-0.7972657084465027
1004,house,windmill,-0.8743889778852463
1005,hummingbird,moss,-0.819656252861023
1006,hummingbird,reptile,-0.748271107673645
1007,husky,painting,-1.0950723588466644
1008,husky,play,-0.8233798295259476
1009,icon,representation,-0.903113342821598
1010,idea,stop,-0.5661459267139435
1011,image,image,-0.0
1012,implement,use,-0.6772444844245911
1013,improvement,recovery,-0.5573504269123077
1014,income,sales,-0.5185133218765259
1015,index,mass,-0.8906524777412415
1016,information,target,-0.8222626596689224
1017,inhale,smoking,-0.846557006239891
1018,initial,letter,-0.6042509078979492
1019,ink,liquid,-0.6284597814083099
1020,ink,pencil,-0.42138606309890747
1021,installation,zoo,-0.9526669643819332
1022,instruction,lesson,-0.5785815417766571
1023,instruction,recipe,-0.8444610685110092
1024,intending,plan,-0.8943841010332108
1025,intensity,quiet,-0.600335031747818
1026,interest,possess,-1.067163147032261
1027,interior,roof,-0.7346619963645935
1028,interior,tall,-0.7832454591989517
1029,interior,wall,-0.7612952440977097
1030,invalid,void,-0.7363909780979156
1031,ipod,rope,-0.9302610605955124
1032,iron,splash,-0.9619006738066673
1033,isolation,solitude,-0.6290788948535919
1034,israel,terror,-0.5313294529914856
1035,item,newspaper,-0.6599719524383545
1036,ivy,urban,-0.731013149023056
1037,jacket,jean,-0.7335100769996643
1038,jacket,leather,-0.28716182708740234
1039,jacket,shirt,-0.13333332538604736
1040,jackson,quota,-1.0732445269823074
1041,jaguar,pier,-0.785506471991539
1042,jail,nick,-1.0385200716555119
1043,jazz,musician,-0.3648698925971985
1044,jazz,neck,-1.0455038510262966
1045,jazz,piano,-0.47559165954589844
1046,jean,outfit,-0.8692879229784012
1047,jean,shirt,-0.8365433514118195
1048,jellyfish,texture,-0.9776291828602552
1049,jewel,person,-0.9552619829773903
1050,joke,law,-1.0743108168244362
1051,journal,writing,-0.6920194625854492
1052,jump,sunlight,-0.877809189260006
1053,jumper,sweater,-0.7869810163974762
1054,justice,official,-0.6382197141647339
1055,juvenile,rope,-1.011165707372129
1056,keep,keep,-0.0
1057,key,palace,-0.9515037834644318
1058,kiss,lip,-0.8042798936367035
1059,kiss,sweet,-0.7530528008937836
1060,kitchen,outfit,-0.9235919639468193
1061,kitchen,sleep,-0.7013756036758423
1062,kitchen,stair,-0.8613848388195038
1063,kitchen,wedding,-0.8023013919591904
1064,kitten,kitty,-0.5930269360542297
1065,kitten,paw,-0.5371005535125732
1066,kitten,rain,-1.148231789469719
1067,kitty,licking,-0.9650139436125755
1068,knitting,stitch,-0.5762914717197418
1069,lady,stop,-0.8942723944783211
1070,lady,sunset,-0.9989596727536991
1071,lager,yeast,-0.738190621137619
1072,lake,valley,-0.3985139727592468
1073,lamb,young,-0.9343276992440224
1074,lamp,light,-0.6241201162338257
1075,landscape,painting,-0.4652271866798401
1076,lantern,oak,-0.5058487355709076
1077,lapse,suspension,-0.5843847393989563
1078,last,senior,-0.6402749121189117
1079,law,lawyer,-0.5024915039539337
1080,law,mosaic,-1.0236802585422993
1081,law,similarity,-1.195785477757454
1082,leaf,nature,-0.8541093319654465
1083,learning,study,-0.6013453602790833
1084,leather,sunshine,-0.9793004672974348
1085,lebanon,war,-0.4893801212310791
1086,left,play,-0.6521666049957275
1087,left,sitting,-0.715480387210846
1088,left,smile,-0.79686638712883
1089,left,stop,-0.7604381442070007
1090,left,walk,-0.6612287163734436
1091,levy,request,-0.7723978906869888
1092,license,security,-0.912032388150692
1093,licking,puppy,-0.7314040064811707
1094,licking,sitting,-0.8519831448793411
1095,lie,line,-0.8454096913337708
1096,life,story,-0.4914919137954712
1097,light,neon,-0.6248714923858643
1098,light,shade,-0.48863816261291504
1099,light,sleep,-0.8306907713413239
1100,lighter,lighter,-0.0
1101,lighting,person,-0.9741803500801325
1102,lily,purple,-0.5832764804363251
1103,line,lunch,-0.8528603762388229
1104,line,temple,-1.0497386418282986
1105,lineup,roll,-0.8797875270247459
1106,lingerie,underground,-0.9834708143025637
1107,link,union,-0.8517075926065445
1108,lion,square,-0.8708157688379288
1109,lion,tiger,-0.6169138252735138
1110,lip,run,-0.9827426932752132
1111,liquid,liquid,-0.0
1112,liquid,matter,-0.7520067542791367
1113,list,position,-0.7708951234817505
1114,live,makeup,-1.0705583468079567
1115,live,race,-0.9751578886061907
1116,living,support,-0.9085347130894661
1117,load,weight,-0.5509427487850189
1118,location,property,-0.7963555604219437
1119,look,look,-0.0
1120,looking,search,-0.689783900976181
1121,lost,people,-0.6501774191856384
1122,low,shoulder,-0.844879075884819
1123,lower,sustain,-0.8201029002666473
1124,machine,pond,-1.0654574856162071
1125,madhouse,mental,-1.1383072882890701
1126,magnolia,maple,-0.802984744310379
1127,majority,number,-0.7605303525924683
1128,maker,manufacturer,-0.09821629524230957
1129,makeup,people,-0.9723707530647516
1130,makeup,skull,-0.7964892834424973
1131,male,man,-0.5342651307582855
1132,male,tongue,-0.8382664173841476
1133,mallard,portrait,-0.7845334112644196
1134,man,sexy,-0.6036067306995392
1135,map,weed,-0.8188256770372391
1136,marble,marching,-0.976631410419941
1137,marble,monkey,-0.8543248027563095
1138,marble,statue,-0.39069879055023193
1139,marble,stone,-0.371008038520813
1140,marble,wall,-0.5857307612895966
1141,mark,trace,-0.905689463019371
1142,market,sell,-0.506602942943573
1143,married,person,-0.5997527837753296
1144,mask,roof,-0.761241152882576
1145,match,stadium,-0.565080463886261
1146,mature,mature,-0.0
1147,maxwell,transmission,-0.9455127753317356
1148,mayor,water,-0.9107153341174126
1149,meaning,translation,-0.6683146357536316
1150,measure,money,-0.7842269092798233
1151,measure,sea,-0.9798668473958969
1152,meat,pond,-0.7214732468128204
1153,mechanism,stabilize,-0.6486735343933105
1154,medium,organization,-1.011498836800456
1155,melody,music,-0.558578610420227
1156,memorial,people,-0.8678717762231827
1157,memorial,rope,-1.0288440808653831
1158,memory,operation,-0.8461865186691284
1159,merchandise,stock,-0.6108792722225189
1160,metal,silver,-0.5761830508708954
1161,metal,zinc,-0.5465506017208099
1162,metro,station,-0.4821290969848633
1163,microwave,radiation,-0.5789937376976013
1164,mill,sunflower,-0.5637466609477997
1165,mill,wild,-0.8934680446982384
1166,mind,mind,-0.0
1167,mind,recall,-0.870050922036171
1168,ministry,resident,-0.880053699016571
1169,minor,minority,-0.8025781214237213
1170,mirror,raspberry,-1.0677062794566154
1171,mist,sunshine,-0.6018408536911011
1172,misty,rain,-0.557443380355835
1173,misty,scenery,-0.6766676902770996
1174,misty,sky,-0.5065456032752991
1175,misty,sunrise,-0.5356872081756592
1176,misty,weather,-0.5048055350780487
1177,modification,surprise,-0.8425556719303131
1178,money,pile,-0.631463885307312
1179,month,week,-0.11289149522781372
1180,moon,mushroom,-0.76577989757061
1181,moon,planet,-0.40359270572662354
1182,moon,sky,-0.41508275270462036
1183,moon,sun,-0.3583017587661743
1184,morning,sky,-0.6370295882225037
1185,morning,sleep,-0.5569737553596497
1186,morning,time,-0.5104337632656097
1187,moroccan,morocco,-0.47759783267974854
1188,mother,pregnant,-0.3804534673690796
1189,mother,yeast,-0.9473773539066315
1190,motor,vehicle,-0.46272581815719604
1191,motto,volunteer,-0.8736479878425598
1192,mountain,sea,-0.43967926502227783
1193,mouth,tongue,-0.38421696424484253
1194,move,shifting,-0.781827911734581
1195,move,spread,-0.7099837362766266
1196,move,stick,-0.7385798096656799
1197,move,swell,-0.7268349528312683
1198,movie,television,-0.37824493646621704
1199,mural,paint,-0.5448003113269806
1200,murphy,potato,-0.9908231198787689
1201,muscle,nature,-0.9173989519476891
1202,mushroom,salad,-0.4465107321739197
1203,music,sound,-0.4312558174133301
1204,musical,opera,-0.29883629083633423
1205,musician,piano,-0.4368913769721985
1206,narration,telling,-0.8897056952118874
1207,native,rhodes,-0.6609220504760742
1208,nest,wasp,-0.6831228137016296
1209,night,sitting,-0.6976221203804016
1210,night,sunset,-0.628960520029068
1211,noise,splash,-0.7154586613178253
1212,notebook,production,-0.8477437794208527
1213,nude,painting,-0.6951779723167419
1214,number,square,-0.8452562987804413
1215,number,web,-0.7479977011680603
1216,occupancy,percent,-0.5673364102840424
1217,ocean,sea,-0.20994490385055542
1218,ocean,underwater,-0.48444533348083496
1219,ocean,water,-0.49888503551483154
1220,opening,up,-0.4947882890701294
1221,opera,serial,-0.9083064496517181
1222,orange,pink,-0.4152091145515442
1223,orange,purple,-0.4130319356918335
1224,orange,red,-0.4148716330528259
1225,orange,strawberry,-0.538245439529419
1226,order,world,-0.7496876120567322
1227,outdoor,swimming,-0.42121291160583496
1228,outfit,skirt,-0.513163298368454
1229,overflow,sewer,-0.5259577631950378
1230,padding,tower,-1.0669226869940758
1231,paint,puddle,-0.7994901686906815
1232,pakistan,radical,-0.8469760566949844
1233,panorama,scenery,-0.5775071680545807
1234,paper,paper,-0.0
1235,paper,tattoo,-0.7303773164749146
1236,papers,security,-0.8231620639562607
1237,parade,store,-0.9166027829051018
1238,parade,table,-1.089864268898964
1239,parcel,region,-0.8878945410251617
1240,parking,photographer,-1.038985449820757
1241,parrot,wing,-0.9050901383161545
1242,part,pressing,-0.7857739478349686
1243,part,substance,-0.7831408828496933
1244,patch,spot,-0.8372592329978943
1245,patent,professional,-0.8363064229488373
1246,path,sunflower,-1.062042661011219
1247,patio,room,-0.432545006275177
1248,patio,sitting,-0.5510342419147491
1249,patio,swan,-0.9655590951442719
1250,patio,washing,-0.6482089459896088
1251,patronage,people,-1.1618950068950653
1252,patterned,professor,-1.1011189743876457
1253,pavilion,terrace,-0.4846453070640564
1254,paw,pet,-0.7622490972280502
1255,peace,war,-0.549860268831253
1256,pebble,sand,-0.659521073102951
1257,people,wounded,-0.5954031348228455
1258,perceive,touching,-0.8635747730731964
1259,perform,solo,-0.7057988941669464
1260,permission,tolerance,-0.990523274987936
1261,person,technician,-0.7798359990119934
1262,petal,yellow,-0.7631047666072845
1263,phantom,shadow,-0.7242780327796936
1264,phone,stock,-0.7779272049665451
1265,photo,picture,-0.3321797847747803
1266,photography,portrait,-0.5652514100074768
1267,physical,resolution,-0.914759524166584
1268,piano,wolf,-1.1467698514461517
1269,piece,sail,-1.0263010989874601
1270,pigeon,reading,-1.1997269243001938
1271,pigeon,round,-0.9517268799245358
1272,pillow,stone,-0.9146368280053139
1273,pink,red,-0.3323715329170227
1274,pink,shade,-0.40756744146347046
1275,pink,yellow,-0.27005594968795776
1276,pizza,railway,-0.9550423435866833
1277,place,place,-0.0
1278,place,position,-0.5498861074447632
1279,place,siphon,-1.1699900776147842
1280,plane,radar,-0.546280711889267
1281,plant,seed,-0.6144019067287445
1282,plant,skate,-1.1701914370059967
1283,plot,strategy,-0.554187148809433
1284,pod,round,-0.8855073750019073
1285,point,second,-0.4164292812347412
1286,point,tennis,-0.9046643599867821
1287,point,trouble,-0.6152425408363342
1288,poll,straw,-0.5999144911766052
1289,poll,vote,-0.48815757036209106
1290,poodle,terrier,-0.5155214965343475
1291,porch,pug,-0.8978452086448669
1292,porch,staircase,-0.6862058341503143
1293,portrait,rocket,-1.1088766381144524
1294,possession,possession,-0.0
1295,post,view,-0.718198299407959
1296,post,white,-0.7774991691112518
1297,potato,sweet,-0.4937136173248291
1298,power,sway,-0.6508925557136536
1299,pregnancy,pregnant,-0.3003363013267517
1300,price,price,-0.0
1301,print,produce,-0.7507277727127075
1302,process,rule,-0.6737365424633026
1303,production,theater,-0.6448270380496979
1304,project,project,-0.0
1305,proper,right,-0.646497905254364
1306,property,size,-0.8508243560791016
1307,protection,roof,-0.9114666059613228
1308,protocol,rule,-0.7421507239341736
1309,publish,show,-0.7790630012750626
1310,puddle,street,-0.8391523361206055
1311,purple,red,-0.3490772247314453
1312,purple,shade,-0.4080296754837036
1313,purple,stripe,-0.5640400946140289
1314,put,space,-0.5900343060493469
1315,quiet,silence,-0.5598686337471008
1316,race,racing,-0.29129213094711304
1317,racing,shirt,-0.9355762600898743
1318,racket,tennis,-0.7202637195587158
1319,radical,uniform,-0.9405026771128178
1320,rail,train,-0.30279719829559326
1321,railroad,underground,-0.6563304662704468
1322,railway,station,-0.38011854887008667
1323,railway,train,-0.37100619077682495
1324,rain,sun,-0.490431547164917
1325,rainbow,whale,-0.692417323589325
1326,raise,shoulders,-0.879624255001545
1327,raising,upbringing,-1.051974095404148
1328,rap,tap,-0.8219411820173264
1329,ray,shark,-1.007523993961513
1330,read,reading,-0.3111460208892822
1331,recognition,recognition,-0.0
1332,recognition,seeing,-0.8316032290458679
1333,record,score,-0.5008144378662109
1334,record,write,-0.7970308810472488
1335,red,shade,-0.6156247556209564
1336,red,tea,-0.8221610486507416
1337,red,white,-0.3337140679359436
1338,redhead,reflection,-0.9203921854496002
1339,relax,sunshine,-0.7999252378940582
1340,religion,trinity,-0.6766152381896973
1341,representative,voice,-0.834642767906189
1342,reptile,swim,-0.7752410173416138
1343,reptile,wild,-0.7642183601856232
1344,reservation,reservation,-0.0
1345,resistance,resistance,-0.0
1346,restaurant,shopping,-0.5046276450157166
1347,restaurant,sushi,-0.35520559549331665
1348,restaurant,violet,-1.1693310290575027
1349,review,study,-0.44073551893234253
1350,reviewers,writer,-0.8828431516885757
1351,rice,soup,-0.5141553282737732
1352,rice,yellow,-0.7962706238031387
1353,river,stream,-0.5644562542438507
1354,riverside,vietnamese,-0.971908101812005
1355,road,sidewalk,-0.7144527435302734
1356,robbery,rolling,-1.153233841061592
1357,rock,stone,-0.4902004599571228
1358,rodent,smile,-0.8352355062961578
1359,rolling,sound,-0.7682449370622635
1360,roof,stair,-0.7544132322072983
1361,roof,tile,-0.39783334732055664
1362,room,stair,-0.9770237766206264
1363,rope,shore,-0.7482359409332275
1364,rose,rose,-0.0
1365,rough,rough,-0.0
1366,round,travel,-1.0032426549587399
1367,row,terrace,-0.7761523425579071
1368,rugby,soccer,-0.24841290712356567
1369,ruin,shore,-0.8259751349687576
1370,ruin,stone,-0.8545878231525421
1371,ruin,town,-0.885113075375557
1372,run,train,-0.6579549908638
1373,running,sprint,-0.7761027365922928
1374,rust,rusty,-0.7376731634140015
1375,rusty,shade,-0.8466019481420517
1376,sacrifice,sacrifice,-0.0
1377,sailing,sunk,-0.6116470396518707
1378,salad,soup,-0.20969605445861816
1379,salad,sweet,-0.5865285396575928
1380,scenery,shore,-0.6519399881362915
1381,scenery,sketch,-0.9100688621401787
1382,scenery,skyline,-0.5252436697483063
1383,scenery,sunshine,-0.636679619550705
1384,scenery,trail,-0.8881202340126038
1385,scenery,valley,-0.8989055082201958
1386,school,traffic,-0.9811240825802088
1387,science,shelter,-1.0506898500025272
1388,sea,sing,-0.9553809799253941
1389,sea,swim,-0.6122179627418518
1390,seal,washers,-1.0013369135558605
1391,season,summer,-0.3615565299987793
1392,second,time,-0.3967636823654175
1393,session,surprise,-0.8451090157032013
1394,sexy,smile,-0.702740490436554
1395,shade,sunlight,-0.3359661102294922
1396,shade,whale,-0.92133978754282
1397,shade,yellow,-0.46201372146606445
1398,shed,traffic,-1.0617349334061146
1399,sheet,window,-0.7563886493444443
1400,shifting,shifting,-0.0
1401,shirt,show,-0.8679462671279907
1402,shirt,skirt,-0.35065537691116333
1403,shoot,sucker,-0.8309116661548615
1404,shop,shopping,-0.37143367528915405
1405,shop,summer,-0.7960860431194305
1406,shore,swim,-0.683069109916687
1407,shore,valley,-0.5983176231384277
1408,shore,waterfall,-0.6977510154247284
1409,shore,woodland,-0.6476779282093048
1410,shot,shot,-0.0
1411,side,street,-0.5932475924491882
1412,sight,vision,-0.7896803915500641
1413,sign,street,-0.7213672697544098
1414,silence,still,-0.8758272603154182
1415,singles,tennis,-0.4012165069580078
1416,sit,sit,-0.0
1417,situation,things,-0.47624504566192627
1418,skate,skating,-0.44160300493240356
1419,sketch,texture,-0.8178625851869583
1420,skin,television,-1.0100871222093701
1421,skull,storm,-0.9294554889202118
1422,sky,sunlight,-0.577536404132843
1423,skyline,skyscraper,-0.3311513662338257
1424,slash,stroke,-0.8680359125137329
1425,slave,work,-0.8906034156680107
1426,slave,worker,-0.6341338455677032
1427,sleeping,waking,-0.5608142912387848
1428,small,valley,-0.6264321506023407
1429,smash,success,-0.9026338756084442
1430,smile,stand,-0.7964975237846375
1431,smoking,sunny,-1.0366967357695103
1432,snake,taxi,-0.8441814333200455
1433,snap,touch,-0.73324054479599
1434,snow,sunshine,-0.4144229292869568
1435,space,space,-0.0
1436,species,stability,-0.8989652618765831
1437,spiral,staircase,-0.4669650197029114
1438,splash,swim,-0.9161120355129242
1439,spring,sunshine,-0.47013741731643677
1440,sprint,standing,-0.8929996192455292
1441,square,town,-0.5178518891334534
1442,stair,steel,-0.8833681866526604
1443,stamp,weave,-0.8845998272299767
1444,star,storm,-0.8199482560157776
1445,statement,word,-0.5560875833034515
1446,station,train,-0.32158875465393066
1447,steel,weapon,-0.9694947637617588
1448,steel,wing,-0.8325764983892441
1449,stock,stock,-0.0
1450,stone,wall,-0.5009978413581848
1451,storm,sweet,-0.8899353295564651
1452,storm,thunderstorm,-0.5754009187221527
1453,straight,stretch,-0.511608898639679
1454,strains,trouble,-0.823116347193718
1455,strawberry,sweet,-0.7219809293746948
1456,strawberry,tomato,-0.682393342256546
1457,string,string,-0.0
1458,string,team,-0.9428237527608871
1459,stripe,violet,-0.6676538586616516
1460,stripe,white,-0.6892922222614288
1461,stroke,stroke,-0.0
1462,study,study,-0.0
1463,subway,train,-0.2826598286628723
1464,suffering,suffering,-0.0
1465,summer,weather,-0.5280695259571075
1466,sun,sunshine,-0.5264274179935455
1467,sunglass,weed,-0.9623499475419521
1468,sunny,sunset,-0.625520259141922
1469,sunny,wet,-0.45963406562805176
1470,sunny,winter,-0.5051673054695129
1471,sunshine,weather,-0.5030261278152466
1472,supporters,trader,-1.1088575944304466
1473,surf,surfer,-0.4774840474128723
1474,swim,swimming,-0.3427879214286804
1475,swim,underwater,-0.5441988408565521
1476,swim,vehicle,-0.9672441743314266
1477,tea,village,-0.8087127506732941
1478,tenure,term,-0.4406927227973938
1479,term,term,-0.0
1480,things,things,-0.0
1481,town,village,-0.12127482891082764
1482,track,yellow,-0.6801972985267639
1483,trading,trading,-0.0
1484,trading,traffic,-0.779555156826973
1485,trailer,vehicle,-0.4672797918319702
1486,travel,wandering,-0.7650471180677414
1487,travel,wood,-1.1777858436107635
1488,troops,troops,-0.0
1489,upgrade,upgrade,-0.0
1490,van,vehicle,-0.5504196584224701
1491,vanished,vanished,-0.0
1492,vine,wine,-0.7335310578346252
1493,violet,yellow,-0.4996117353439331
1494,washer,worker,-1.0497301183640957
1495,water,water,-0.0
1496,ways,ways,-0.0
1497,white,white,-0.0
1498,wife,woman,-0.33295685052871704
1499,word,word,-0.0
